{
  "extends": [ "tslint-eslint-rules" ],
  "rules": {
    "align": [true, "parameters", "statements"],
    "ban": false,
    "class-name": true,
    "comment-format": [ true, "check-space" ],
    "curly": false,
    "eofline": true,
    "forin": true,
    "indent": [ true, "spaces" ],
    "label-position": true,
    "max-line-length": [true, 180],
    "member-access": false,
    "member-ordering": [ true, "static-before-instance", "variables-before-functions" ],
    "no-arg": true,
    "no-bitwise": true,
    "no-conditional-assignment": true,
    "no-console": [ true, "log", "warn", "debug", "info", "time", "timeEnd", "trace" ],
    "no-construct": true,
    "no-debugger": true,
    "no-duplicate-variable": true,
    "no-empty": false,
    "no-eval": true,
    "no-inferrable-types": true,
    "no-shadowed-variable": true,
    "no-string-literal": false,
    "no-switch-case-fall-through": true,
    "no-trailing-whitespace": true,
    "no-unused-expression": [ true, "allow-fast-null-checks" ],
    "no-unused-variable": true,
    "no-use-before-declare": true,
    "no-var-keyword": true,
    "object-curly-spacing": "always",
    "object-literal-sort-keys": false,
    "one-line": [ true, "check-catch", "check-else", "check-open-brace", "check-whitespace" ],
    "prefer-const": [ true, { "destructuring": "all" } ],
    "quotemark": [ true, "single", "avoid-escape", "jsx-double" ],
    "radix": true,
    "semicolon": [ true, "always", "ignore-bound-class-methods", "ignore-interfaces" ],
    "trailing-comma": [true, {"multiline": "always", "singleline": "never"}],
    "triple-equals": [ true, "allow-null-check" ],
    "typedef": [ "call-signature", "property-declaration" ],
    "typedef-whitespace": [ true, { "call-signature": "nospace", "index-signature": "nospace", "parameter": "nospace", "property-declaration": "nospace", "variable-declaration": "nospace" } ],
    "variable-name": [ true, "ban-keywords", "allow-leading-underscore" ],
    "whitespace": [ true, "check-branch", "check-decl", "check-operator", "check-separator", "check-type" ],
    "jsx-no-multiline-js": false,
    "jsx-no-lambda": false
  }
}

